{
    "BACKGROUND": 1626,
    "OBJECTIVE": 340,
    "METHODS": 1409,
    "RESULTS": 1862,
    "CONCLUSIONS": 1085,
    "CONCLUSION": 839,
    "AIMS": 45,
    "METHODS AND RESULTS": 23,
    "PURPOSE": 119,
    "MATERIALS AND METHODS": 244,
    "TRIAL REGISTRATION": 757,
    "ABSTRACT:": 943,
    "ABSTRACT.BACKGROUND": 34,
    "ABSTRACT.METHODS": 48,
    "ABSTRACT.RESULTS": 57,
    "ABSTRACT.CONCLUSION": 28,
    "AIM": 78,
    "STATISTICAL ANALYSIS": 9,
    "OBJECTIVES": 189,
    "DISCUSSION": 384,
    "MATERIAL AND METHODS": 44,
    "ELECTRONIC SUPPLEMENTARY MATERIAL": 199,
    "METHOD": 59,
    "METHODS/DESIGN": 282,
    "BACKGROUND/AIMS": 14,
    "PATIENTS AND METHODS": 77,
    "TRIAL REGISTRATION NUMBER": 101,
    "INTRODUCTION": 212,
    "SUMMARY.BACKGROUND": 22,
    "SUMMARY.METHODS": 24,
    "SUMMARY.FINDINGS": 19,
    "SUMMARY.INTERPRETATION": 19,
    "SUMMARY.FUNDING": 19,
    "METHODS AND ANALYSIS": 56,
    "ETHICS AND DISSEMINATION": 50,
    "ABSTRACT.OBJECTIVE": 9,
    "ABSTRACT.CONCLUSIONS": 21,
    "BACKGROUND AND OBJECTIVES": 15,
    "STATISTICAL METHODS": 1,
    "METHODOLOGY": 6,
    "DESIGN": 69,
    "SETTING": 46,
    "PARTICIPANTS": 34,
    "INTERVENTIONS": 12,
    "OUTCOMES": 2,
    "MAIN FINDINGS": 1,
    "STUDY QUESTION": 1,
    "SUMMARY ANSWER": 1,
    "WHAT IS KNOWN ALREADY": 1,
    "STUDY DESIGN, SIZE, DURATION": 1,
    "PARTICIPANTS/MATERIALS, SETTING, METHODS": 1,
    "MAIN RESULTS AND THE ROLE OF CHANCE": 1,
    "LIMITATIONS, REASONS FOR CAUTION": 1,
    "WIDER IMPLICATIONS OF THE FINDINGS": 1,
    "STUDY FUNDING/COMPETING INTERESTS": 1,
    "BACKGROUND AND PURPOSE": 5,
    "INTERPRETATION": 12,
    "INTERVENTION": 26,
    "PRIMARY OUTCOME MEASURES": 1,
    "ANIMALS": 8,
    "OBJETIVE": 1,
    "ABSTRACT": 20,
    "MAIN OUTCOME MEASURES": 18,
    "CLINICAL SIGNIFICANCE": 1,
    "CLINICAL TRIAL REGISTRATION": 15,
    "METHODS AND FINDINGS": 16,
    "MEASUREMENTS": 8,
    "FINDINGS": 34,
    "OUTCOME MEASURES": 6,
    "OBJECTIVES AND DESIGN": 1,
    "OBJECTIVES.": 1,
    "METHODS.": 3,
    "RESULTS.": 3,
    "CONCLUSION.": 3,
    "DESIGN AND SETTING": 4,
    "WHAT'S ALREADY KNOWN ABOUT THIS TOPIC?": 1,
    "WHAT DOES THIS STUDY ADD?": 1,
    "ABSTRACT.DISCUSSION": 11,
    "SUMMARY.AIM": 2,
    "SUMMARY.RESULTS": 6,
    "SUMMARY.CONCLUSIONS": 5,
    "TRIAL CODE": 1,
    "STUDY OBJECTIVES": 1,
    "RESEARCH DESIGN AND METHODS": 45,
    "TRAIL REGISTRATION": 3,
    "CURRENT CONTROLLED TRIALS": 1,
    "PRIMARY AND SECONDARY OUTCOMES": 1,
    "CONCLUSION: ": 4,
    "METHODOLOGY/PRINCIPAL FINDINGS": 13,
    "CONCLUSIONS/SIGNIFICANCE": 9,
    " MATERIAL AND METHODS ": 4,
    " RESULTS ": 4,
    " CONCLUSIONS ": 4,
    "CURRENT CONTROLLED TRIALS REGISTRATION NUMBER": 1,
    "SUMMARY.OBJECTIVE": 3,
    "SUMMARY.DESIGN AND METHODS": 1,
    "OBJECTIVE ": 1,
    "METHODS ": 1,
    "RESULTS ": 1,
    "CONCLUSION ": 1,
    "CLINICAL IMPLICATIONS": 2,
    "AIMS AND OBJECTIVES": 9,
    "SUMMARY AND CONCLUSION": 1,
    "BACKGROUND/OBJECTIVE: ": 1,
    "METHODS: ": 3,
    "RESULTS: ": 4,
    "CONTEXT": 15,
    "SETTINGS AND DESIGN": 9,
    "SETTINGS": 3,
    "RESEARCH DESIGN": 1,
    "METHODS DESIGN": 1,
    "FUNDING": 18,
    "STATEMENT OF THE PROBLEM": 2,
    "MATERIALS AND METHOD": 2,
    "MATERIAL/METHODS": 9,
    "REGISTRATION": 1,
    "TRIAL REGISTRATIONS": 4,
    "CLASSIFICATION OF EVIDENCE": 3,
    "CLINICALTRIALS.GOV IDENTIFIER": 2,
    "[PURPOSE]": 3,
    "[METHODS]": 3,
    "[RESULTS]": 3,
    "[CONCLUSION]": 3,
    "RATIONALE": 6,
    "OBJECTIVE AND METHODS": 1,
    "INTRODUCTION AND HYPOTHESIS": 2,
    "ABSTRACT.FUNDING": 1,
    "ABSTRACT.DISCLOSURES": 5,
    "BACKGROUND & OBJECTIVES": 4,
    "INTERPRETATION & CONCLUSIONS": 3,
    "STATISTICAL ANALYSIS USED": 5,
    "ETHICAL AND DISSEMINATION": 1,
    "ABSTRACT.INTRODUCTION": 4,
    "ABSTRACT.MATERIAL AND METHODS": 3,
    "METHOD/DESIGN": 9,
    "CLINICAL RELEVANCE": 5,
    "ABSTRACT .BACKGROUND": 1,
    "ABSTRACT .AIM": 1,
    "ABSTRACT .METHODS": 1,
    "ABSTRACT .RESULTS": 1,
    "ABSTRACT .CONCLUSION": 1,
    "BACKGROUND AND AIMS": 24,
    "STUDY DESIGN": 12,
    "SPONSORSHIP": 1,
    "METHODS AND DESIGN": 9,
    "EXPANDED ABSTRACT.CITATION": 3,
    "EXPANDED ABSTRACT.BACKGROUND": 3,
    "EXPANDED ABSTRACT.METHODS": 2,
    "EXPANDED ABSTRACT.RESULTS": 3,
    "EXPANDED ABSTRACT.CONCLUSIONS": 3,
    "SUBJECTS AND METHODS": 10,
    "REGISTRATION NUMBER": 1,
    "ABSTRACT.AIMS": 3,
    "ABSTRACT.METHODS AND RESULTS": 3,
    "BACKGROUND & OBJECTIVE": 2,
    "DESIGN, SETTING, PARTICIPANTS, MEASUREMENTS": 1,
    "BACKGROUND AND OBJECTIVE": 4,
    "RESULT": 15,
    "TRIAL REGISTRY": 1,
    "BACKGROUND/OBJECTIVES": 6,
    "SUBJECTS/METHODS": 4,
    "OBJECTIVE.": 1,
    "PATIENTS.": 1,
    "CONCLUSION/SIGNIFICANCE": 2,
    "SUMMARY": 6,
    "METHODS AND STUDY DESIGN": 1,
    "CONTEXT AND OBJECTIVES": 1,
    "PRIMARY AND SECONDARY OUTCOME MEASURES": 4,
    "METHODS/ANALYSIS": 1,
    "ETHICS/DISSEMINATION": 1,
    "ETHICS": 2,
    "BACKGROUND AND AIM": 10,
    "DESIGN AND METHODS": 2,
    "POWER CALCULATIONS": 1,
    "HYPOTHESIS AND OBJECTIVES": 1,
    "CONCLUSIONS AND CLINICAL IMPORTANCE": 5,
    "DESIGN/METHODS": 1,
    "SETTING AND INTERVENTION": 1,
    "SUBJECTS": 2,
    "CLINICALTRIALS.GOV": 2,
    "GRAPHICAL ABSTRACT": 2,
    "CONCLUSION AND RELEVANCE": 1,
    "OUTCOME MEASURE": 1,
    "LIMITATIONS": 2,
    "HYPOTHESIS": 5,
    "ABSTRACT.REFERENCES": 1,
    "EUDRACT NO": 1,
    "BACKGROUND AND THE PURPOSE OF THE STUDY": 2,
    "ABSTRACT.DESIGN": 1,
    "ABSTRACT.SETTING": 1,
    "ABSTRACT.MAIN OUTCOME MEASURE": 1,
    "METHODS AND MATERIALS": 7,
    "INTRODUCTION & OBJECTIVES": 1,
    "ABSTRACT.PURPOSE": 3,
    "PATIENTS": 9,
    "MAIN OUTCOME": 1,
    "POPULATION": 3,
    "FUNDING SOURCES": 1,
    "PRIMARY OUTCOMES": 1,
    "BACKGROUND.": 2,
    "METHOD.": 1,
    "EXPANDED ABSTRACT.METHODS.OBJECTIVE": 1,
    "EXPANDED ABSTRACT.METHODS.DESIGN": 1,
    "EXPANDED ABSTRACT.METHODS.SETTING": 1,
    "EXPANDED ABSTRACT.METHODS.SUBJECTS": 1,
    "EXPANDED ABSTRACT.METHODS.INTERVENTION": 1,
    "EXPANDED ABSTRACT.METHODS.OUTCOMES": 1,
    "CLINICALTRIALS.GOV REGISTRY NUMBERS": 1,
    "CONTEXT AND OBJECTIVE": 1,
    "DESIGN, SETTING AND PATIENTS": 1,
    "CONCLUSIONS AND DISCUSSION": 1,
    "TRIAL REGISTRATION NUMBERS": 4,
    "DESIGN AND INTERVENTION(S)": 1,
    "MAIN OUTCOME MEASURE(S)": 1,
    "BACKGROUND/AIM": 2,
    "ABSTRACT.TRIAL REGISTRATION": 2,
    "MATERIALS & METHODS": 1,
    "METHODS AND FINDING": 1,
    "SUBJECTS AND MATERIALS": 1,
    "AIMS/HYPOTHESIS": 4,
    "CONCLUSIONS/INTERPRETATION": 4,
    "RESULTS AND ANALYSIS": 2,
    "RESULTS AND CONCLUSIONS": 2,
    "ABSTRACT.AIM": 4,
    "RESULTS AND DISCUSSION": 2,
    "PATIENTS & METHODS": 1,
    "ETHIC APPROVAL AND DISSEMINATION": 1,
    "CONTEXT AND BACKGROUND": 1,
    "GOAL": 2,
    "RESULT ": 1,
    "MATERIALS/METHODS": 1,
    "CLINICAL TRIAL REGISTRATION NUMBER": 2,
    "SIGNIFICANCE": 2,
    "CLINICAL TRIALS NUMBER": 1,
    "PRIMARY AND SECONDARY OUTCOMES MEASURES": 1,
    "KEY FINDINGS": 1,
    "ABSTRACT.OBJECTIVE: ": 1,
    "ABSTRACT.METHOD: ": 1,
    "ABSTRACT.RESULTS: ": 1,
    "ABSTRACT.CONCLUSION: ": 1,
    "BACKGROUND/OBJECTIVE": 1,
    "LEVEL OF EVIDENCE": 5,
    "MAIN OUTCOME MEASURE": 2,
    "CONCLUSIONS & CLINICAL RELEVANCE": 1,
    "STUDY OBJECTIVE": 1,
    "SETTING/PARTICIPANTS": 1,
    "DISCUSSION.": 1,
    "TRIAL REGISTRATION.": 1,
    "METHODS/DESIGN.INTERVENTION": 1,
    "METHODS/DESIGN.VARIABLES": 1,
    "METHODS/DESIGN.STATISTICAL ANALYSIS": 1,
    "DESIGN, SETTING, AND PARTICIPANTS": 3,
    "OUTCOME MEASUREMENTS AND STATISTICAL ANALYSIS": 2,
    "RESULTS AND LIMITATIONS": 2,
    "PATIENT SUMMARY": 2,
    "OBJECTIVE AND DESIGN": 1,
    "PATIENTS DESIGN AND MEASUREMENTS": 1,
    "MATERIALS AND METHOD: ": 2,
    "PRINCIPAL FINDINGS": 1,
    "METHODS AND MATERIAL": 2,
    " RESULTS": 3,
    "CLINICALTRIALS.GOV REGISTRATION NUMBER": 1,
    "AIM AND OBJECTIVES": 1,
    "ABSTRACT.METHODS/DESIGN": 1,
    "ABSTRACT.OBJECTIVES": 2,
    "ABSTRACT.STUDY DESIGN": 1,
    "METHODS/DESIGNS": 1,
    "STATISTICS": 2,
    "KEY POINTS": 1,
    "ABSTRACT.BACKGROUND AND AIMS": 1,
    "ABSTRACT.CLINICALTRIALS.GOV REGISTRATION NUMBERS": 1,
    "TRIAL REGISTRATION, SPONSORSHIP AND FUNDING": 1,
    "SYNOPSIS.OBJECTIVE": 1,
    "SYNOPSIS.METHOD": 1,
    "SYNOPSIS.RESULTS": 1,
    "SYNOPSIS.CONCLUSION": 1,
    "SYNOPSIS.R\u00c9SUM\u00c9.OBJECTIF": 1,
    "SYNOPSIS.R\u00c9SUM\u00c9.M\u00c9THODE": 1,
    "SYNOPSIS.R\u00c9SUM\u00c9.R\u00c9SULTATS": 1,
    "SYNOPSIS.R\u00c9SUM\u00c9.CONCLUSION": 1,
    "METHODS AND OUTCOMES": 1,
    "FUNDING, ETHICS AND REGULATORY APPROVALS": 1,
    "INTERVENTION(S)": 1,
    "SECONDARY OUTCOME MEASURE(S)": 1,
    "NCT": 1,
    "METHODS\\DESIGN": 1,
    "DISSEMINATION": 2,
    "RESULTS AND CONCLUSION": 2,
    "CLINICALTRIALS.GOV ID": 1,
    "METHODS AND MEASURES": 1,
    "SUMMARY BACKGROUND DATA": 1,
    "TRIALS REGISTRATION": 2,
    "TRANSLATIONAL RELEVANCE": 1,
    "ABSTRACT.INTERPRETATION": 1,
    " METHODS": 2,
    " CONCLUSIONS": 3,
    "BACKGROUND AND STUDY AIMS\u2002": 1,
    "PATIENTS AND METHODS\u2002": 2,
    "RESULTS\u2002": 2,
    "TRIALS REGISTRATION NUMBER": 1,
    "ABSTRACT.BACKGROUD": 1,
    "ABSTRACT.AIMS/INTRODUCTION": 1,
    "ABSTRACT.MATERIALS AND METHODS": 2,
    "CONCLUSION AND CLINICAL IMPORTANCE": 1,
    "IMPLICATIONS": 1,
    "TRIAL REGISTER": 1,
    "AIM OF THE STUDY": 1,
    "STUDY SETTING": 2,
    "MAIN MEASURES": 2,
    "REGISTRATION DETAILS": 1,
    "ABSTRACT.METHOD": 2,
    "INTERPRETATION AND CONCLUSION": 1,
    "METHODS AND PRINCIPAL FINDINGS": 1,
    "MAIN RESULTS": 1,
    "CONCLUSIONS AND CLINICAL RELEVANCE": 1,
    "ETHICAL CONSIDERATIONS AND DISSEMINATION": 1,
    "SAMPLE": 1,
    "PATIENT AND METHODS": 1,
    "ABSTRACT.PATIENTS AND METHODS": 1,
    "BACKGROUND AND STUDY AIMS": 1,
    "CONCLUSIONS\u2002": 1,
    "TRIAL DESIGN": 1,
    "ABSTRACT.INTRODUCTION AND AIMS": 1,
    "ABSTRACT.DESIGN AND METHODS": 1,
    "ABSTRACT.DISCUSSION AND CONCLUSIONS": 1,
    "MEASURES": 1,
    "KEY RESULTS": 1,
    "HYPOTHESIS/OBJECTIVES": 2,
    "METHODS & DESIGN": 1,
    "PRIMARY OUTCOME": 1,
    "SIMPLE SUMMARY": 1,
    "STRUCTURED ABSTRACT.OBJECTIVE": 1,
    "STRUCTURED ABSTRACT.DESIGN AND METHODS": 1,
    "STRUCTURED ABSTRACT.RESULTS": 1,
    "STRUCTURED ABSTRACT.CONCLUSIONS": 1,
    "TRIALS REGISTRY": 1,
    "STUDY REGISTRATION": 1,
    "PURPOSE/AIM OF THE STUDY": 1,
    "ABSTRACT.LESSONS LEARNED.": 1,
    "ABSTRACT.BACKGROUND.": 1,
    "ABSTRACT.METHODS.": 1,
    "ABSTRACT.RESULTS.": 1,
    "ABSTRACT.CONCLUSION.": 1,
    "ANALYSIS": 1,
    "DISCUSSION AND CONCLUSIONS": 2,
    "METHODS / DESIGN": 1,
    "ORGANISATION": 1,
    "SUBJECT AND METHODS": 1,
    "SUMMARY.CONCLUSION": 1,
    "CONCLUSION AND RECOMMENDATIONS": 1,
    "METHODS/RESULTS": 1,
    "ABSTRACT.CLINICAL TRIAL REGISTRATION": 1,
    "ABSTRACT.BACKGROUND AND PURPOSE": 1,
    "STATEMENT OF THE PROBLEM: ": 1
}