{
    "ABSTRACT.BACKGROUND:": "BACKGROUND",
    "ABSTRACT.OBJECTIVE:": "OBJECTIVE",
    "ABSTRACT.METHODS:": "METHODS",
    "ABSTRACT.RESULTS:": "RESULTS",
    "ABSTRACT.CONCLUSIONS:": "CONCLUSIONS",
    "ABSTRACT.CONCLUSION:": "CONCLUSION",
    "ABSTRACT.AIMS:": "AIMS",
    "ABSTRACT.METHODS AND RESULTS:": "METHODS AND RESULTS",
    "ABSTRACT.PURPOSE:": "PURPOSE",
    "ABSTRACT.MATERIALS AND METHODS:": "MATERIALS AND METHODS",
    "ABSTRACT.TRIAL REGISTRATION:": "TRIAL REGISTRATION",
    "ABSTRACT:": "ABSTRACT:",
    "ABSTRACT.ABSTRACT.BACKGROUND::": "ABSTRACT.BACKGROUND",
    "ABSTRACT.ABSTRACT.METHODS::": "ABSTRACT.METHODS",
    "ABSTRACT.ABSTRACT.RESULTS::": "ABSTRACT.RESULTS",
    "ABSTRACT.ABSTRACT.CONCLUSION::": "ABSTRACT.CONCLUSION",
    "ABSTRACT.AIM::": "AIM",
    "ABSTRACT.MATERIALS AND METHODS::": "MATERIALS AND METHODS",
    "ABSTRACT.RESULTS::": "RESULTS",
    "ABSTRACT.STATISTICAL ANALYSIS::": "STATISTICAL ANALYSIS",
    "ABSTRACT.CONCLUSION::": "CONCLUSION",
    "ABSTRACT.OBJECTIVES:": "OBJECTIVES",
    "ABSTRACT.DISCUSSION:": "DISCUSSION",
    "ABSTRACT.MATERIAL AND METHODS:": "MATERIAL AND METHODS",
    "ABSTRACT.ELECTRONIC SUPPLEMENTARY MATERIAL:": "ELECTRONIC SUPPLEMENTARY MATERIAL",
    "ABSTRACT.OBJECTIVE::": "OBJECTIVE",
    "ABSTRACT.METHOD::": "METHOD",
    "ABSTRACT.CONCLUSIONS::": "CONCLUSIONS",
    "ABSTRACT.METHODS/DESIGN:": "METHODS/DESIGN",
    "ABSTRACT.BACKGROUND/AIMS::": "BACKGROUND/AIMS",
    "ABSTRACT.BACKGROUND::": "BACKGROUND",
    "ABSTRACT.METHODS::": "METHODS",
    "ABSTRACT.OBJECTIVES::": "OBJECTIVES",
    "ABSTRACT.PATIENTS AND METHODS::": "PATIENTS AND METHODS",
    "ABSTRACT.TRIAL REGISTRATION NUMBER:": "TRIAL REGISTRATION NUMBER",
    "ABSTRACT.INTRODUCTION::": "INTRODUCTION",
    "ABSTRACT.METHOD:": "METHOD",
    "ABSTRACT.INTRODUCTION:": "INTRODUCTION",
    "ABSTRACT.SUMMARY.BACKGROUND:": "SUMMARY.BACKGROUND",
    "ABSTRACT.SUMMARY.METHODS:": "SUMMARY.METHODS",
    "ABSTRACT.SUMMARY.FINDINGS:": "SUMMARY.FINDINGS",
    "ABSTRACT.SUMMARY.INTERPRETATION:": "SUMMARY.INTERPRETATION",
    "ABSTRACT.SUMMARY.FUNDING:": "SUMMARY.FUNDING",
    "ABSTRACT.METHODS AND ANALYSIS:": "METHODS AND ANALYSIS",
    "ABSTRACT.ETHICS AND DISSEMINATION:": "ETHICS AND DISSEMINATION",
    "ABSTRACT.TRIAL REGISTRATION NUMBER::": "TRIAL REGISTRATION NUMBER",
    "ABSTRACT.AIM:": "AIM",
    "ABSTRACT.ABSTRACT.OBJECTIVE:": "ABSTRACT.OBJECTIVE",
    "ABSTRACT.ABSTRACT.METHODS:": "ABSTRACT.METHODS",
    "ABSTRACT.ABSTRACT.RESULTS:": "ABSTRACT.RESULTS",
    "ABSTRACT.ABSTRACT.CONCLUSIONS:": "ABSTRACT.CONCLUSIONS",
    "ABSTRACT.BACKGROUND AND OBJECTIVES:": "BACKGROUND AND OBJECTIVES",
    "ABSTRACT.PATIENTS AND METHODS:": "PATIENTS AND METHODS",
    "ABSTRACT.STATISTICAL METHODS::": "STATISTICAL METHODS",
    "ABSTRACT.METHODOLOGY::": "METHODOLOGY",
    "ABSTRACT.DESIGN:": "DESIGN",
    "ABSTRACT.SETTING:": "SETTING",
    "ABSTRACT.PARTICIPANTS:": "PARTICIPANTS",
    "ABSTRACT.INTERVENTIONS:": "INTERVENTIONS",
    "ABSTRACT.OUTCOMES:": "OUTCOMES",
    "ABSTRACT.MAIN FINDINGS:": "MAIN FINDINGS",
    "ABSTRACT.STUDY QUESTION:": "STUDY QUESTION",
    "ABSTRACT.SUMMARY ANSWER:": "SUMMARY ANSWER",
    "ABSTRACT.WHAT IS KNOWN ALREADY:": "WHAT IS KNOWN ALREADY",
    "ABSTRACT.STUDY DESIGN, SIZE, DURATION:": "STUDY DESIGN, SIZE, DURATION",
    "ABSTRACT.PARTICIPANTS/MATERIALS, SETTING, METHODS:": "PARTICIPANTS/MATERIALS, SETTING, METHODS",
    "ABSTRACT.MAIN RESULTS AND THE ROLE OF CHANCE:": "MAIN RESULTS AND THE ROLE OF CHANCE",
    "ABSTRACT.LIMITATIONS, REASONS FOR CAUTION:": "LIMITATIONS, REASONS FOR CAUTION",
    "ABSTRACT.WIDER IMPLICATIONS OF THE FINDINGS:": "WIDER IMPLICATIONS OF THE FINDINGS",
    "ABSTRACT.STUDY FUNDING/COMPETING INTERESTS:": "STUDY FUNDING/COMPETING INTERESTS",
    "ABSTRACT.BACKGROUND AND PURPOSE:": "BACKGROUND AND PURPOSE",
    "ABSTRACT.INTERPRETATION:": "INTERPRETATION",
    "ABSTRACT.INTERVENTION:": "INTERVENTION",
    "ABSTRACT.PRIMARY OUTCOME MEASURES:": "PRIMARY OUTCOME MEASURES",
    "ABSTRACT.ANIMALS:": "ANIMALS",
    "ABSTRACT.OBJETIVE::": "OBJETIVE",
    "ABSTRACT.ABSTRACT:": "ABSTRACT",
    "ABSTRACT.ABSTRACT.CONCLUSION:": "ABSTRACT.CONCLUSION",
    "ABSTRACT.MAIN OUTCOME MEASURES:": "MAIN OUTCOME MEASURES",
    "ABSTRACT.CLINICAL SIGNIFICANCE:": "CLINICAL SIGNIFICANCE",
    "ABSTRACT.CLINICAL TRIAL REGISTRATION:": "CLINICAL TRIAL REGISTRATION",
    "ABSTRACT.METHODS AND FINDINGS:": "METHODS AND FINDINGS",
    "ABSTRACT.MEASUREMENTS:": "MEASUREMENTS",
    "ABSTRACT.FINDINGS:": "FINDINGS",
    "ABSTRACT.OUTCOME MEASURES:": "OUTCOME MEASURES",
    "ABSTRACT.OBJECTIVES AND DESIGN:": "OBJECTIVES AND DESIGN",
    "ABSTRACT.OBJECTIVES.:": "OBJECTIVES.",
    "ABSTRACT.METHODS.:": "METHODS.",
    "ABSTRACT.RESULTS.:": "RESULTS.",
    "ABSTRACT.CONCLUSION.:": "CONCLUSION.",
    "ABSTRACT.DESIGN AND SETTING::": "DESIGN AND SETTING",
    "ABSTRACT.PARTICIPANTS::": "PARTICIPANTS",
    "ABSTRACT.INTERVENTIONS::": "INTERVENTIONS",
    "ABSTRACT.OUTCOME MEASURES::": "OUTCOME MEASURES",
    "ABSTRACT.WHAT'S ALREADY KNOWN ABOUT THIS TOPIC?:": "WHAT'S ALREADY KNOWN ABOUT THIS TOPIC?",
    "ABSTRACT.WHAT DOES THIS STUDY ADD?:": "WHAT DOES THIS STUDY ADD?",
    "ABSTRACT.ABSTRACT.BACKGROUND:": "ABSTRACT.BACKGROUND",
    "ABSTRACT.ABSTRACT.DISCUSSION:": "ABSTRACT.DISCUSSION",
    "ABSTRACT.SUMMARY.AIM:": "SUMMARY.AIM",
    "ABSTRACT.SUMMARY.RESULTS:": "SUMMARY.RESULTS",
    "ABSTRACT.SUMMARY.CONCLUSIONS:": "SUMMARY.CONCLUSIONS",
    "ABSTRACT.TRIAL CODE:": "TRIAL CODE",
    "ABSTRACT.STUDY OBJECTIVES:": "STUDY OBJECTIVES",
    "ABSTRACT.RESEARCH DESIGN AND METHODS:": "RESEARCH DESIGN AND METHODS",
    "ABSTRACT.TRAIL REGISTRATION:": "TRAIL REGISTRATION",
    "ABSTRACT.CURRENT CONTROLLED TRIALS:": "CURRENT CONTROLLED TRIALS",
    "ABSTRACT.PRIMARY AND SECONDARY OUTCOMES:": "PRIMARY AND SECONDARY OUTCOMES",
    "ABSTRACT.CONCLUSION: :": "CONCLUSION: ",
    "ABSTRACT.BACKGROUND AND OBJECTIVES::": "BACKGROUND AND OBJECTIVES",
    "ABSTRACT.METHODOLOGY/PRINCIPAL FINDINGS:": "METHODOLOGY/PRINCIPAL FINDINGS",
    "ABSTRACT.CONCLUSIONS/SIGNIFICANCE:": "CONCLUSIONS/SIGNIFICANCE",
    "ABSTRACT. MATERIAL AND METHODS :": " MATERIAL AND METHODS ",
    "ABSTRACT. RESULTS :": " RESULTS ",
    "ABSTRACT. CONCLUSIONS :": " CONCLUSIONS ",
    "ABSTRACT.CURRENT CONTROLLED TRIALS REGISTRATION NUMBER:": "CURRENT CONTROLLED TRIALS REGISTRATION NUMBER",
    "ABSTRACT.SUMMARY.OBJECTIVE:": "SUMMARY.OBJECTIVE",
    "ABSTRACT.SUMMARY.DESIGN AND METHODS:": "SUMMARY.DESIGN AND METHODS",
    "ABSTRACT.DESIGN::": "DESIGN",
    "ABSTRACT.OBJECTIVE :": "OBJECTIVE ",
    "ABSTRACT.METHODS :": "METHODS ",
    "ABSTRACT.RESULTS :": "RESULTS ",
    "ABSTRACT.CONCLUSION :": "CONCLUSION ",
    "ABSTRACT.CLINICAL IMPLICATIONS:": "CLINICAL IMPLICATIONS",
    "ABSTRACT.DISCUSSION::": "DISCUSSION",
    "ABSTRACT.AIMS AND OBJECTIVES::": "AIMS AND OBJECTIVES",
    "ABSTRACT.SUMMARY AND CONCLUSION::": "SUMMARY AND CONCLUSION",
    "ABSTRACT.BACKGROUND/OBJECTIVE: :": "BACKGROUND/OBJECTIVE: ",
    "ABSTRACT.METHODS: :": "METHODS: ",
    "ABSTRACT.RESULTS: :": "RESULTS: ",
    "ABSTRACT.CONTEXT::": "CONTEXT",
    "ABSTRACT.AIMS::": "AIMS",
    "ABSTRACT.SETTINGS AND DESIGN::": "SETTINGS AND DESIGN",
    "ABSTRACT.SETTINGS::": "SETTINGS",
    "ABSTRACT.INTERVENTION::": "INTERVENTION",
    "ABSTRACT.MAIN OUTCOME MEASURES::": "MAIN OUTCOME MEASURES",
    "ABSTRACT.BACKGROUND/AIMS:": "BACKGROUND/AIMS",
    "ABSTRACT.RESEARCH DESIGN::": "RESEARCH DESIGN",
    "ABSTRACT.METHODS DESIGN:": "METHODS DESIGN",
    "ABSTRACT.FUNDING:": "FUNDING",
    "ABSTRACT.STATEMENT OF THE PROBLEM:": "STATEMENT OF THE PROBLEM",
    "ABSTRACT.MATERIALS AND METHOD:": "MATERIALS AND METHOD",
    "ABSTRACT.MATERIAL/METHODS:": "MATERIAL/METHODS",
    "ABSTRACT.REGISTRATION:": "REGISTRATION",
    "ABSTRACT.TRIAL REGISTRATIONS:": "TRIAL REGISTRATIONS",
    "ABSTRACT.RESEARCH DESIGN AND METHODS::": "RESEARCH DESIGN AND METHODS",
    "ABSTRACT.CLASSIFICATION OF EVIDENCE::": "CLASSIFICATION OF EVIDENCE",
    "ABSTRACT.CLINICALTRIALS.GOV IDENTIFIER::": "CLINICALTRIALS.GOV IDENTIFIER",
    "ABSTRACT.[PURPOSE]:": "[PURPOSE]",
    "ABSTRACT.[METHODS]:": "[METHODS]",
    "ABSTRACT.[RESULTS]:": "[RESULTS]",
    "ABSTRACT.[CONCLUSION]:": "[CONCLUSION]",
    "ABSTRACT.RATIONALE:": "RATIONALE",
    "ABSTRACT.OBJECTIVE AND METHODS:": "OBJECTIVE AND METHODS",
    "ABSTRACT.INTRODUCTION AND HYPOTHESIS:": "INTRODUCTION AND HYPOTHESIS",
    "ABSTRACT.ABSTRACT.FUNDING:": "ABSTRACT.FUNDING",
    "ABSTRACT.ABSTRACT.DISCLOSURES:": "ABSTRACT.DISCLOSURES",
    "ABSTRACT.BACKGROUND & OBJECTIVES::": "BACKGROUND & OBJECTIVES",
    "ABSTRACT.INTERPRETATION & CONCLUSIONS::": "INTERPRETATION & CONCLUSIONS",
    "ABSTRACT.STATISTICAL ANALYSIS USED::": "STATISTICAL ANALYSIS USED",
    "ABSTRACT.ETHICAL AND DISSEMINATION:": "ETHICAL AND DISSEMINATION",
    "ABSTRACT.ABSTRACT.INTRODUCTION::": "ABSTRACT.INTRODUCTION",
    "ABSTRACT.ABSTRACT.MATERIAL AND METHODS::": "ABSTRACT.MATERIAL AND METHODS",
    "ABSTRACT.ABSTRACT.CONCLUSIONS::": "ABSTRACT.CONCLUSIONS",
    "ABSTRACT.METHOD/DESIGN:": "METHOD/DESIGN",
    "ABSTRACT.CLINICAL RELEVANCE:": "CLINICAL RELEVANCE",
    "ABSTRACT.ABSTRACT .BACKGROUND::": "ABSTRACT .BACKGROUND",
    "ABSTRACT.ABSTRACT .AIM::": "ABSTRACT .AIM",
    "ABSTRACT.ABSTRACT .METHODS::": "ABSTRACT .METHODS",
    "ABSTRACT.ABSTRACT .RESULTS::": "ABSTRACT .RESULTS",
    "ABSTRACT.ABSTRACT .CONCLUSION::": "ABSTRACT .CONCLUSION",
    "ABSTRACT.BACKGROUND AND AIMS::": "BACKGROUND AND AIMS",
    "ABSTRACT.STUDY DESIGN::": "STUDY DESIGN",
    "ABSTRACT.SETTING::": "SETTING",
    "ABSTRACT.SPONSORSHIP::": "SPONSORSHIP",
    "ABSTRACT.METHODS AND DESIGN:": "METHODS AND DESIGN",
    "ABSTRACT.EXPANDED ABSTRACT.CITATION:": "EXPANDED ABSTRACT.CITATION",
    "ABSTRACT.EXPANDED ABSTRACT.BACKGROUND:": "EXPANDED ABSTRACT.BACKGROUND",
    "ABSTRACT.EXPANDED ABSTRACT.METHODS:": "EXPANDED ABSTRACT.METHODS",
    "ABSTRACT.EXPANDED ABSTRACT.RESULTS:": "EXPANDED ABSTRACT.RESULTS",
    "ABSTRACT.EXPANDED ABSTRACT.CONCLUSIONS:": "EXPANDED ABSTRACT.CONCLUSIONS",
    "ABSTRACT.SUBJECTS AND METHODS::": "SUBJECTS AND METHODS",
    "ABSTRACT.REGISTRATION NUMBER:": "REGISTRATION NUMBER",
    "ABSTRACT.ABSTRACT.AIMS:": "ABSTRACT.AIMS",
    "ABSTRACT.ABSTRACT.METHODS AND RESULTS:": "ABSTRACT.METHODS AND RESULTS",
    "ABSTRACT.BACKGROUND & OBJECTIVE:": "BACKGROUND & OBJECTIVE",
    "ABSTRACT.METHODOLOGY:": "METHODOLOGY",
    "ABSTRACT.BACKGROUND & OBJECTIVES:": "BACKGROUND & OBJECTIVES",
    "ABSTRACT.DESIGN, SETTING, PARTICIPANTS, MEASUREMENTS:": "DESIGN, SETTING, PARTICIPANTS, MEASUREMENTS",
    "ABSTRACT.BACKGROUND AND OBJECTIVE::": "BACKGROUND AND OBJECTIVE",
    "ABSTRACT.MATERIAL AND METHODS::": "MATERIAL AND METHODS",
    "ABSTRACT.RESULT::": "RESULT",
    "ABSTRACT.TRIAL REGISTRY::": "TRIAL REGISTRY",
    "ABSTRACT.BACKGROUND/OBJECTIVES::": "BACKGROUND/OBJECTIVES",
    "ABSTRACT.SUBJECTS/METHODS::": "SUBJECTS/METHODS",
    "ABSTRACT.OBJECTIVE.:": "OBJECTIVE.",
    "ABSTRACT.PATIENTS.:": "PATIENTS.",
    "ABSTRACT.CONCLUSION/SIGNIFICANCE:": "CONCLUSION/SIGNIFICANCE",
    "ABSTRACT.SUMMARY:": "SUMMARY",
    "ABSTRACT.METHODS AND STUDY DESIGN:": "METHODS AND STUDY DESIGN",
    "ABSTRACT.CONTEXT AND OBJECTIVES::": "CONTEXT AND OBJECTIVES",
    "ABSTRACT.PRIMARY AND SECONDARY OUTCOME MEASURES:": "PRIMARY AND SECONDARY OUTCOME MEASURES",
    "ABSTRACT.FINDINGS::": "FINDINGS",
    "ABSTRACT.METHODS/ANALYSIS:": "METHODS/ANALYSIS",
    "ABSTRACT.ETHICS/DISSEMINATION:": "ETHICS/DISSEMINATION",
    "ABSTRACT.ETHICS:": "ETHICS",
    "ABSTRACT.BACKGROUND AND AIM::": "BACKGROUND AND AIM",
    "ABSTRACT.DESIGN AND METHODS:": "DESIGN AND METHODS",
    "ABSTRACT.POWER CALCULATIONS:": "POWER CALCULATIONS",
    "ABSTRACT.HYPOTHESIS AND OBJECTIVES:": "HYPOTHESIS AND OBJECTIVES",
    "ABSTRACT.CONCLUSIONS AND CLINICAL IMPORTANCE:": "CONCLUSIONS AND CLINICAL IMPORTANCE",
    "ABSTRACT.DESIGN/METHODS:": "DESIGN/METHODS",
    "ABSTRACT.SETTING AND INTERVENTION:": "SETTING AND INTERVENTION",
    "ABSTRACT.SUBJECTS:": "SUBJECTS",
    "ABSTRACT.CLINICALTRIALS.GOV:": "CLINICALTRIALS.GOV",
    "ABSTRACT.GRAPHICAL ABSTRACT:": "GRAPHICAL ABSTRACT",
    "ABSTRACT.PURPOSE::": "PURPOSE",
    "ABSTRACT.CONCLUSION AND RELEVANCE:": "CONCLUSION AND RELEVANCE",
    "ABSTRACT.MEASUREMENTS::": "MEASUREMENTS",
    "ABSTRACT.OUTCOME MEASURE:": "OUTCOME MEASURE",
    "ABSTRACT.LIMITATIONS::": "LIMITATIONS",
    "ABSTRACT.HYPOTHESIS::": "HYPOTHESIS",
    "ABSTRACT.CLINICAL RELEVANCE::": "CLINICAL RELEVANCE",
    "ABSTRACT.ABSTRACT.REFERENCES:": "ABSTRACT.REFERENCES",
    "ABSTRACT.EUDRACT NO:": "EUDRACT NO",
    "ABSTRACT.BACKGROUND AND THE PURPOSE OF THE STUDY:": "BACKGROUND AND THE PURPOSE OF THE STUDY",
    "ABSTRACT.ABSTRACT.DESIGN:": "ABSTRACT.DESIGN",
    "ABSTRACT.ABSTRACT.SETTING:": "ABSTRACT.SETTING",
    "ABSTRACT.ABSTRACT.MAIN OUTCOME MEASURE:": "ABSTRACT.MAIN OUTCOME MEASURE",
    "ABSTRACT.METHODS AND MATERIALS:": "METHODS AND MATERIALS",
    "ABSTRACT.INTRODUCTION & OBJECTIVES:": "INTRODUCTION & OBJECTIVES",
    "ABSTRACT.ABSTRACT.PURPOSE:": "ABSTRACT.PURPOSE",
    "ABSTRACT.PATIENTS::": "PATIENTS",
    "ABSTRACT.MAIN OUTCOME::": "MAIN OUTCOME",
    "ABSTRACT.POPULATION:": "POPULATION",
    "ABSTRACT.FUNDING SOURCES:": "FUNDING SOURCES",
    "ABSTRACT.PRIMARY OUTCOMES:": "PRIMARY OUTCOMES",
    "ABSTRACT.BACKGROUND.:": "BACKGROUND.",
    "ABSTRACT.METHOD.:": "METHOD.",
    "ABSTRACT.HYPOTHESIS:": "HYPOTHESIS",
    "ABSTRACT.BACKGROUND AND AIM:": "BACKGROUND AND AIM",
    "ABSTRACT.EXPANDED ABSTRACT.METHODS.OBJECTIVE:": "EXPANDED ABSTRACT.METHODS.OBJECTIVE",
    "ABSTRACT.EXPANDED ABSTRACT.METHODS.DESIGN:": "EXPANDED ABSTRACT.METHODS.DESIGN",
    "ABSTRACT.EXPANDED ABSTRACT.METHODS.SETTING:": "EXPANDED ABSTRACT.METHODS.SETTING",
    "ABSTRACT.EXPANDED ABSTRACT.METHODS.SUBJECTS:": "EXPANDED ABSTRACT.METHODS.SUBJECTS",
    "ABSTRACT.EXPANDED ABSTRACT.METHODS.INTERVENTION:": "EXPANDED ABSTRACT.METHODS.INTERVENTION",
    "ABSTRACT.EXPANDED ABSTRACT.METHODS.OUTCOMES:": "EXPANDED ABSTRACT.METHODS.OUTCOMES",
    "ABSTRACT.CLINICALTRIALS.GOV REGISTRY NUMBERS:": "CLINICALTRIALS.GOV REGISTRY NUMBERS",
    "ABSTRACT.METHODS AND ANALYSIS::": "METHODS AND ANALYSIS",
    "ABSTRACT.CONTEXT AND OBJECTIVE:": "CONTEXT AND OBJECTIVE",
    "ABSTRACT.DESIGN, SETTING AND PATIENTS:": "DESIGN, SETTING AND PATIENTS",
    "ABSTRACT.DESIGN AND SETTING:": "DESIGN AND SETTING",
    "ABSTRACT.CONTEXT:": "CONTEXT",
    "ABSTRACT.CONCLUSIONS AND DISCUSSION:": "CONCLUSIONS AND DISCUSSION",
    "ABSTRACT.TRIAL REGISTRATION NUMBERS:": "TRIAL REGISTRATION NUMBERS",
    "ABSTRACT.DESIGN AND INTERVENTION(S):": "DESIGN AND INTERVENTION(S)",
    "ABSTRACT.PATIENTS:": "PATIENTS",
    "ABSTRACT.MAIN OUTCOME MEASURE(S):": "MAIN OUTCOME MEASURE(S)",
    "ABSTRACT.STUDY DESIGN:": "STUDY DESIGN",
    "ABSTRACT.BACKGROUND/AIM::": "BACKGROUND/AIM",
    "ABSTRACT.ABSTRACT.DISCUSSION::": "ABSTRACT.DISCUSSION",
    "ABSTRACT.ABSTRACT.TRIAL REGISTRATION::": "ABSTRACT.TRIAL REGISTRATION",
    "ABSTRACT.MATERIALS & METHODS:": "MATERIALS & METHODS",
    "ABSTRACT.METHODS AND FINDING:": "METHODS AND FINDING",
    "ABSTRACT.BACKGROUND/OBJECTIVES:": "BACKGROUND/OBJECTIVES",
    "ABSTRACT.SUBJECTS AND MATERIALS:": "SUBJECTS AND MATERIALS",
    "ABSTRACT.AIMS/HYPOTHESIS:": "AIMS/HYPOTHESIS",
    "ABSTRACT.CONCLUSIONS/INTERPRETATION:": "CONCLUSIONS/INTERPRETATION",
    "ABSTRACT.SUBJECTS AND METHODS:": "SUBJECTS AND METHODS",
    "ABSTRACT.RESULT:": "RESULT",
    "ABSTRACT.RESULTS AND ANALYSIS::": "RESULTS AND ANALYSIS",
    "ABSTRACT.RESULTS AND CONCLUSIONS:": "RESULTS AND CONCLUSIONS",
    "ABSTRACT.METHODS AND MATERIALS::": "METHODS AND MATERIALS",
    "ABSTRACT.ABSTRACT.AIM:": "ABSTRACT.AIM",
    "ABSTRACT.RESULTS AND DISCUSSION:": "RESULTS AND DISCUSSION",
    "ABSTRACT.PATIENTS & METHODS::": "PATIENTS & METHODS",
    "ABSTRACT.ETHIC APPROVAL AND DISSEMINATION:": "ETHIC APPROVAL AND DISSEMINATION",
    "ABSTRACT.CONTEXT AND BACKGROUND::": "CONTEXT AND BACKGROUND",
    "ABSTRACT.GOAL::": "GOAL",
    "ABSTRACT.RESULT ::": "RESULT ",
    "ABSTRACT.SUBJECTS/METHODS:": "SUBJECTS/METHODS",
    "ABSTRACT.MATERIALS/METHODS:": "MATERIALS/METHODS",
    "ABSTRACT.CLINICAL TRIAL REGISTRATION NUMBER:": "CLINICAL TRIAL REGISTRATION NUMBER",
    "ABSTRACT.SIGNIFICANCE:": "SIGNIFICANCE",
    "ABSTRACT.CLINICAL TRIALS NUMBER:": "CLINICAL TRIALS NUMBER",
    "ABSTRACT.PRIMARY AND SECONDARY OUTCOMES MEASURES:": "PRIMARY AND SECONDARY OUTCOMES MEASURES",
    "ABSTRACT.KEY FINDINGS:": "KEY FINDINGS",
    "ABSTRACT.ABSTRACT.INTRODUCTION:": "ABSTRACT.INTRODUCTION",
    "ABSTRACT.ABSTRACT.OBJECTIVE: :": "ABSTRACT.OBJECTIVE: ",
    "ABSTRACT.ABSTRACT.METHOD: :": "ABSTRACT.METHOD: ",
    "ABSTRACT.ABSTRACT.RESULTS: :": "ABSTRACT.RESULTS: ",
    "ABSTRACT.ABSTRACT.CONCLUSION: :": "ABSTRACT.CONCLUSION: ",
    "ABSTRACT.BACKGROUND/OBJECTIVE:": "BACKGROUND/OBJECTIVE",
    "ABSTRACT.LEVEL OF EVIDENCE:": "LEVEL OF EVIDENCE",
    "ABSTRACT.MAIN OUTCOME MEASURE::": "MAIN OUTCOME MEASURE",
    "ABSTRACT.CONCLUSIONS & CLINICAL RELEVANCE:": "CONCLUSIONS & CLINICAL RELEVANCE",
    "ABSTRACT.STUDY OBJECTIVE::": "STUDY OBJECTIVE",
    "ABSTRACT.SETTING/PARTICIPANTS:": "SETTING/PARTICIPANTS",
    "ABSTRACT.DISCUSSION.:": "DISCUSSION.",
    "ABSTRACT.TRIAL REGISTRATION.:": "TRIAL REGISTRATION.",
    "ABSTRACT.METHODS/DESIGN.INTERVENTION:": "METHODS/DESIGN.INTERVENTION",
    "ABSTRACT.METHODS/DESIGN.VARIABLES:": "METHODS/DESIGN.VARIABLES",
    "ABSTRACT.METHODS/DESIGN.STATISTICAL ANALYSIS:": "METHODS/DESIGN.STATISTICAL ANALYSIS",
    "ABSTRACT.DESIGN, SETTING, AND PARTICIPANTS:": "DESIGN, SETTING, AND PARTICIPANTS",
    "ABSTRACT.OUTCOME MEASUREMENTS AND STATISTICAL ANALYSIS:": "OUTCOME MEASUREMENTS AND STATISTICAL ANALYSIS",
    "ABSTRACT.RESULTS AND LIMITATIONS:": "RESULTS AND LIMITATIONS",
    "ABSTRACT.PATIENT SUMMARY:": "PATIENT SUMMARY",
    "ABSTRACT.OBJECTIVE AND DESIGN:": "OBJECTIVE AND DESIGN",
    "ABSTRACT.PATIENTS DESIGN AND MEASUREMENTS:": "PATIENTS DESIGN AND MEASUREMENTS",
    "ABSTRACT.STATEMENT OF THE PROBLEM::": "STATEMENT OF THE PROBLEM",
    "ABSTRACT.MATERIALS AND METHOD: :": "MATERIALS AND METHOD: ",
    "ABSTRACT.PRINCIPAL FINDINGS:": "PRINCIPAL FINDINGS",
    "ABSTRACT.METHODS AND MATERIAL::": "METHODS AND MATERIAL",
    "ABSTRACT. RESULTS:": " RESULTS",
    "ABSTRACT.TRIAL REGISTRATION::": "TRIAL REGISTRATION",
    "ABSTRACT.CLINICALTRIALS.GOV REGISTRATION NUMBER:": "CLINICALTRIALS.GOV REGISTRATION NUMBER",
    "ABSTRACT.AIMS AND OBJECTIVES:": "AIMS AND OBJECTIVES",
    "ABSTRACT.AIM AND OBJECTIVES::": "AIM AND OBJECTIVES",
    "ABSTRACT.ABSTRACT.METHODS/DESIGN:": "ABSTRACT.METHODS/DESIGN",
    "ABSTRACT.ABSTRACT.OBJECTIVES:": "ABSTRACT.OBJECTIVES",
    "ABSTRACT.ABSTRACT.STUDY DESIGN:": "ABSTRACT.STUDY DESIGN",
    "ABSTRACT.METHODS/DESIGNS:": "METHODS/DESIGNS",
    "ABSTRACT.STATISTICS::": "STATISTICS",
    "ABSTRACT.ABSTRACT.OBJECTIVE::": "ABSTRACT.OBJECTIVE",
    "ABSTRACT.BACKGROUND AND AIMS:": "BACKGROUND AND AIMS",
    "ABSTRACT.LEVEL OF EVIDENCE::": "LEVEL OF EVIDENCE",
    "ABSTRACT.KEY POINTS:": "KEY POINTS",
    "ABSTRACT.FUNDING::": "FUNDING",
    "ABSTRACT.ABSTRACT.BACKGROUND AND AIMS:": "ABSTRACT.BACKGROUND AND AIMS",
    "ABSTRACT.ABSTRACT.CLINICALTRIALS.GOV REGISTRATION NUMBERS:": "ABSTRACT.CLINICALTRIALS.GOV REGISTRATION NUMBERS",
    "ABSTRACT.METHODS AND RESULTS::": "METHODS AND RESULTS",
    "ABSTRACT.TRIAL REGISTRATION, SPONSORSHIP AND FUNDING:": "TRIAL REGISTRATION, SPONSORSHIP AND FUNDING",
    "ABSTRACT.SYNOPSIS.OBJECTIVE:": "SYNOPSIS.OBJECTIVE",
    "ABSTRACT.SYNOPSIS.METHOD:": "SYNOPSIS.METHOD",
    "ABSTRACT.SYNOPSIS.RESULTS:": "SYNOPSIS.RESULTS",
    "ABSTRACT.SYNOPSIS.CONCLUSION:": "SYNOPSIS.CONCLUSION",
    "ABSTRACT.SYNOPSIS.R\u00c9SUM\u00c9.OBJECTIF:": "SYNOPSIS.R\u00c9SUM\u00c9.OBJECTIF",
    "ABSTRACT.SYNOPSIS.R\u00c9SUM\u00c9.M\u00c9THODE:": "SYNOPSIS.R\u00c9SUM\u00c9.M\u00c9THODE",
    "ABSTRACT.SYNOPSIS.R\u00c9SUM\u00c9.R\u00c9SULTATS:": "SYNOPSIS.R\u00c9SUM\u00c9.R\u00c9SULTATS",
    "ABSTRACT.SYNOPSIS.R\u00c9SUM\u00c9.CONCLUSION:": "SYNOPSIS.R\u00c9SUM\u00c9.CONCLUSION",
    "ABSTRACT.METHODS AND OUTCOMES:": "METHODS AND OUTCOMES",
    "ABSTRACT.FUNDING, ETHICS AND REGULATORY APPROVALS:": "FUNDING, ETHICS AND REGULATORY APPROVALS",
    "ABSTRACT.INTERVENTION(S):": "INTERVENTION(S)",
    "ABSTRACT.MAIN OUTCOME MEASURE:": "MAIN OUTCOME MEASURE",
    "ABSTRACT.SECONDARY OUTCOME MEASURE(S):": "SECONDARY OUTCOME MEASURE(S)",
    "ABSTRACT.NCT:": "NCT",
    "ABSTRACT.SETTINGS:": "SETTINGS",
    "ABSTRACT.METHODS\\DESIGN:": "METHODS\\DESIGN",
    "ABSTRACT.DISSEMINATION:": "DISSEMINATION",
    "ABSTRACT.RESULTS AND CONCLUSION::": "RESULTS AND CONCLUSION",
    "ABSTRACT.CLINICALTRIALS.GOV ID:": "CLINICALTRIALS.GOV ID",
    "ABSTRACT.METHODS AND MEASURES:": "METHODS AND MEASURES",
    "ABSTRACT.SUMMARY BACKGROUND DATA:": "SUMMARY BACKGROUND DATA",
    "ABSTRACT.TRIALS REGISTRATION:": "TRIALS REGISTRATION",
    "ABSTRACT.BACKGROUND/AIM:": "BACKGROUND/AIM",
    "ABSTRACT.TRANSLATIONAL RELEVANCE:": "TRANSLATIONAL RELEVANCE",
    "ABSTRACT.ABSTRACT.INTERPRETATION:": "ABSTRACT.INTERPRETATION",
    "ABSTRACT.METHODS AND MATERIAL:": "METHODS AND MATERIAL",
    "ABSTRACT. METHODS:": " METHODS",
    "ABSTRACT. CONCLUSIONS:": " CONCLUSIONS",
    "ABSTRACT.BACKGROUND AND STUDY AIMS\u2002:": "BACKGROUND AND STUDY AIMS\u2002",
    "ABSTRACT.PATIENTS AND METHODS\u2002:": "PATIENTS AND METHODS\u2002",
    "ABSTRACT.RESULTS\u2002:": "RESULTS\u2002",
    "ABSTRACT.TRIALS REGISTRATION NUMBER:": "TRIALS REGISTRATION NUMBER",
    "ABSTRACT.ABSTRACT.BACKGROUD::": "ABSTRACT.BACKGROUD",
    "ABSTRACT.ABSTRACT.AIMS/INTRODUCTION:": "ABSTRACT.AIMS/INTRODUCTION",
    "ABSTRACT.ABSTRACT.MATERIALS AND METHODS:": "ABSTRACT.MATERIALS AND METHODS",
    "ABSTRACT.CONCLUSION AND CLINICAL IMPORTANCE:": "CONCLUSION AND CLINICAL IMPORTANCE",
    "ABSTRACT.IMPLICATIONS:": "IMPLICATIONS",
    "ABSTRACT.TRIAL REGISTER:": "TRIAL REGISTER",
    "ABSTRACT.AIM OF THE STUDY:": "AIM OF THE STUDY",
    "ABSTRACT.STUDY SETTING::": "STUDY SETTING",
    "ABSTRACT.MAIN MEASURES::": "MAIN MEASURES",
    "ABSTRACT.REGISTRATION DETAILS:": "REGISTRATION DETAILS",
    "ABSTRACT.ABSTRACT.METHOD:": "ABSTRACT.METHOD",
    "ABSTRACT.CLINICALTRIALS.GOV IDENTIFIER:": "CLINICALTRIALS.GOV IDENTIFIER",
    "ABSTRACT.INTERPRETATION AND CONCLUSION::": "INTERPRETATION AND CONCLUSION",
    "ABSTRACT.METHODS AND PRINCIPAL FINDINGS:": "METHODS AND PRINCIPAL FINDINGS",
    "ABSTRACT.MAIN RESULTS:": "MAIN RESULTS",
    "ABSTRACT.CONCLUSIONS AND CLINICAL RELEVANCE:": "CONCLUSIONS AND CLINICAL RELEVANCE",
    "ABSTRACT.STUDY SETTING:": "STUDY SETTING",
    "ABSTRACT.DESIGN, SETTING, AND PARTICIPANTS::": "DESIGN, SETTING, AND PARTICIPANTS",
    "ABSTRACT.BACKGROUND AND OBJECTIVE:": "BACKGROUND AND OBJECTIVE",
    "ABSTRACT.ETHICAL CONSIDERATIONS AND DISSEMINATION:": "ETHICAL CONSIDERATIONS AND DISSEMINATION",
    "ABSTRACT.ABSTRACT.MATERIAL AND METHODS:": "ABSTRACT.MATERIAL AND METHODS",
    "ABSTRACT.SAMPLE:": "SAMPLE",
    "ABSTRACT.PATIENT AND METHODS:": "PATIENT AND METHODS",
    "ABSTRACT.ABSTRACT.PATIENTS AND METHODS::": "ABSTRACT.PATIENTS AND METHODS",
    "ABSTRACT.MATERIALS AND METHOD::": "MATERIALS AND METHOD",
    "ABSTRACT.BACKGROUND AND STUDY AIMS:": "BACKGROUND AND STUDY AIMS",
    "ABSTRACT.CONCLUSIONS\u2002:": "CONCLUSIONS\u2002",
    "ABSTRACT.TRIAL DESIGN:": "TRIAL DESIGN",
    "ABSTRACT.ABSTRACT.INTRODUCTION AND AIMS:": "ABSTRACT.INTRODUCTION AND AIMS",
    "ABSTRACT.ABSTRACT.DESIGN AND METHODS:": "ABSTRACT.DESIGN AND METHODS",
    "ABSTRACT.ABSTRACT.DISCUSSION AND CONCLUSIONS:": "ABSTRACT.DISCUSSION AND CONCLUSIONS",
    "ABSTRACT.MEASURES:": "MEASURES",
    "ABSTRACT.MAIN MEASURES:": "MAIN MEASURES",
    "ABSTRACT.KEY RESULTS:": "KEY RESULTS",
    "ABSTRACT.HYPOTHESIS/OBJECTIVES:": "HYPOTHESIS/OBJECTIVES",
    "ABSTRACT.METHODS & DESIGN:": "METHODS & DESIGN",
    "ABSTRACT.PRIMARY OUTCOME:": "PRIMARY OUTCOME",
    "ABSTRACT.SIMPLE SUMMARY:": "SIMPLE SUMMARY",
    "ABSTRACT.STRUCTURED ABSTRACT.OBJECTIVE:": "STRUCTURED ABSTRACT.OBJECTIVE",
    "ABSTRACT.STRUCTURED ABSTRACT.DESIGN AND METHODS:": "STRUCTURED ABSTRACT.DESIGN AND METHODS",
    "ABSTRACT.STRUCTURED ABSTRACT.RESULTS:": "STRUCTURED ABSTRACT.RESULTS",
    "ABSTRACT.STRUCTURED ABSTRACT.CONCLUSIONS:": "STRUCTURED ABSTRACT.CONCLUSIONS",
    "ABSTRACT.RESULTS AND CONCLUSIONS::": "RESULTS AND CONCLUSIONS",
    "ABSTRACT.INTERPRETATION::": "INTERPRETATION",
    "ABSTRACT.TRIALS REGISTRY:": "TRIALS REGISTRY",
    "ABSTRACT.STUDY REGISTRATION::": "STUDY REGISTRATION",
    "ABSTRACT.PURPOSE/AIM OF THE STUDY:": "PURPOSE/AIM OF THE STUDY",
    "ABSTRACT.ABSTRACT.LESSONS LEARNED.:": "ABSTRACT.LESSONS LEARNED.",
    "ABSTRACT.ABSTRACT.BACKGROUND.:": "ABSTRACT.BACKGROUND.",
    "ABSTRACT.ABSTRACT.METHODS.:": "ABSTRACT.METHODS.",
    "ABSTRACT.ABSTRACT.RESULTS.:": "ABSTRACT.RESULTS.",
    "ABSTRACT.ABSTRACT.CONCLUSION.:": "ABSTRACT.CONCLUSION.",
    "ABSTRACT.ABSTRACT.METHOD::": "ABSTRACT.METHOD",
    "ABSTRACT.ANALYSIS:": "ANALYSIS",
    "ABSTRACT.DISCUSSION AND CONCLUSIONS:": "DISCUSSION AND CONCLUSIONS",
    "ABSTRACT.METHODS / DESIGN:": "METHODS / DESIGN",
    "ABSTRACT.ORGANISATION:": "ORGANISATION",
    "ABSTRACT.SUBJECT AND METHODS:": "SUBJECT AND METHODS",
    "ABSTRACT.SUMMARY.CONCLUSION:": "SUMMARY.CONCLUSION",
    "ABSTRACT.CONCLUSION AND RECOMMENDATIONS:": "CONCLUSION AND RECOMMENDATIONS",
    "ABSTRACT.BACKGROUND & OBJECTIVE::": "BACKGROUND & OBJECTIVE",
    "ABSTRACT.METHODS/RESULTS:": "METHODS/RESULTS",
    "ABSTRACT.ABSTRACT.CLINICAL TRIAL REGISTRATION:": "ABSTRACT.CLINICAL TRIAL REGISTRATION",
    "ABSTRACT.ABSTRACT.BACKGROUND AND PURPOSE:": "ABSTRACT.BACKGROUND AND PURPOSE",
    "ABSTRACT.STATEMENT OF THE PROBLEM: :": "STATEMENT OF THE PROBLEM: "
}